{
	"info": {
		"_postman_id": "de687f16-2663-4c1b-b7df-c8b4d8692e13",
		"name": "Velocity / Registrar / Device",
		"description": "Testing the swagger api",
		"schema": "https://schema.getpostman.com/json/collection/v2.1.0/collection.json"
	},
	"item": [
		{
			"name": "Devices: Get A Device By Device Id",
			"request": {
				"method": "GET",
				"header": [],
				"url": {
					"raw": "{{baseUrl}}/api/v0.6/devices/<string>",
					"host": [
						"{{baseUrl}}"
					],
					"path": [
						"api",
						"v0.6",
						"devices",
						"<string>"
					]
				}
			},
			"response": [
				{
					"name": "Default Response",
					"originalRequest": {
						"method": "GET",
						"header": [],
						"url": {
							"raw": "{{baseUrl}}/api/v0.6/organizations",
							"host": [
								"{{baseUrl}}"
							],
							"path": [
								"api",
								"v0.6",
								"organizations"
							]
						}
					},
					"status": "OK",
					"code": 200,
					"_postman_previewlanguage": "text",
					"header": [
						{
							"key": "Content-Type",
							"value": "text/plain"
						}
					],
					"cookie": [],
					"body": ""
				}
			]
		},
		{
			"name": "Devices: Get All Registered Devices",
			"request": {
				"method": "GET",
				"header": [],
				"url": {
					"raw": "{{baseUrl}}/api/v0.6/devices",
					"host": [
						"{{baseUrl}}"
					],
					"path": [
						"api",
						"v0.6",
						"devices"
					]
				}
			},
			"response": [
				{
					"name": "Default Response",
					"originalRequest": {
						"method": "GET",
						"header": [],
						"url": {
							"raw": "{{baseUrl}}/api/v0.6/organizations",
							"host": [
								"{{baseUrl}}"
							],
							"path": [
								"api",
								"v0.6",
								"organizations"
							]
						}
					},
					"status": "OK",
					"code": 200,
					"_postman_previewlanguage": "text",
					"header": [
						{
							"key": "Content-Type",
							"value": "text/plain"
						}
					],
					"cookie": [],
					"body": ""
				}
			]
		},
		{
			"name": "Devices: Register Device",
			"request": {
				"method": "POST",
				"header": [
					{
						"key": "Content-Type",
						"value": "application/json"
					}
				],
				"body": {
					"mode": "raw",
					"raw": "{\n        \"deviceId\": \"<string>\",\n        \"deviceType\": \"<string>\",\n        \"deviceOS\": \"<string>\"\n}"
				},
				"url": {
					"raw": "{{baseUrl}}/api/v0.6/organizations",
					"host": [
						"{{baseUrl}}"
					],
					"path": [
						"api",
						"v0.6",
						"organizations"
					]
				}
			},
			"response": [
				{
					"name": "Default Response",
					"originalRequest": {
						"method": "POST",
						"header": [],
						"body": {
							"mode": "raw",
							"raw": "{\n    \"profile\": {\n        \"name\": \"<string>\",\n        \"registrationNumbers\": [\n            {\n                \"authority\": \"<string>\",\n                \"number\": \"<string>\",\n                \"uri\": \"<uri>\"\n            },\n            {\n                \"authority\": \"<string>\",\n                \"number\": \"<string>\",\n                \"uri\": \"<uri>\"\n            }\n        ],\n        \"logo\": \"<string>\",\n        \"location\": {\n            \"countryCode\": \"<regex>\",\n            \"regionCode\": \"<regex>\"\n        },\n        \"founded\": {\n            \"day\": \"<integer>\",\n            \"month\": \"<integer>\",\n            \"year\": \"<integer>\"\n        },\n        \"closed\": {\n            \"day\": \"<integer>\",\n            \"month\": \"<integer>\",\n            \"year\": \"<integer>\"\n        },\n        \"contactEmail\": \"<email>\"\n    },\n    \"serviceEndpoints\": [\n        {\n            \"id\": \"<string>\",\n            \"type\": \"<string>\",\n            \"serviceEndpoint\": \"<string>\"\n        },\n        {\n            \"id\": \"<string>\",\n            \"type\": \"<string>\",\n            \"serviceEndpoint\": \"<string>\"\n        }\n    ]\n}"
						},
						"url": {
							"raw": "{{baseUrl}}/api/v0.6/devices",
							"host": [
								"{{baseUrl}}"
							],
							"path": [
								"api",
								"v0.6",
								"devices"
							]
						}
					},
					"status": "OK",
					"code": 200,
					"_postman_previewlanguage": "text",
					"header": [
						{
							"key": "Content-Type",
							"value": "text/plain"
						}
					],
					"cookie": [],
					"body": ""
				}
			]
		},
		{
			"name": "Devices: Delete a Device by Push Token",
			"request": {
				"method": "DELETE",
				"header": [],
				"url": {
					"raw": "{{baseUrl}}/api/v0.6/organizations/{{did}}/services/{{serviceIdFragment}}",
					"host": [
						"{{baseUrl}}"
					],
					"path": [
						"api",
						"v0.6",
						"organizations",
						"{{did}}",
						"services",
						"{{serviceIdFragment}}"
					]
				}
			},
			"response": [
				{
					"name": "Default Response",
					"originalRequest": {
						"method": "DELETE",
						"header": [],
						"url": {
							"raw": "{{baseUrl}}/api/v0.6/organizations/:did/services/:serviceId",
							"host": [
								"{{baseUrl}}"
							],
							"path": [
								"api",
								"v0.6",
								"organizations",
								":did",
								"services",
								":serviceId"
							],
							"variable": [
								{
									"key": "did"
								},
								{
									"key": "serviceId"
								}
							]
						}
					},
					"status": "OK",
					"code": 200,
					"_postman_previewlanguage": "text",
					"header": [
						{
							"key": "Content-Type",
							"value": "text/plain"
						}
					],
					"cookie": [],
					"body": ""
				}
			]
		}
	],
	"auth": {
		"type": "bearer",
		"bearer": [
			{
				"key": "token",
				"value": "eyJ0eXAiOiJKV1QiLCJhbGciOiJIUzI1NiJ9.eyJ1c2VyIjoidmVsb2NpdHkuYWRtaW5AZXhhbXBsZS5jb20ifQ.vssTp--KThrqP0-E7BOpXfTneXmQUYcv0elKAcXhAVg",
				"type": "string"
			}
		]
	},
	"event": [
		{
			"listen": "prerequest",
			"script": {
				"type": "text/javascript",
				"exec": [
					""
				]
			}
		},
		{
			"listen": "test",
			"script": {
				"type": "text/javascript",
				"exec": [
					""
				]
			}
		}
	],
	"variable": [
		{
			"key": "baseUrl",
			"value": "https://stagingservices.velocitycareerlabs.io"
		},
		{
			"key": "did",
			"value": "did:ethr:example"
		},
		{
			"key": "serviceIdFragment",
			"value": "credential-agent-issuer-1"
		}
	]
}