{
	"info": {
		"_postman_id": "62df9563-f612-4097-9ec5-dae4efdb9121",
		"name": "Velocity / Registrar / Credential Types",
		"schema": "https://schema.getpostman.com/json/collection/v2.1.0/collection.json"
	},
	"item": [
		{
			"name": "Create Credential Type",
			"request": {
				"method": "POST",
				"header": [],
				"body": {
					"mode": "raw",
					"raw": "{\n  \"credentialType\": \"\",\n  \"schemaName\": \"\",\n  \"schema\": \"\"\n}",
					"options": {
						"raw": {
							"language": "json"
						}
					}
				},
				"url": {
					"raw": "{{baseUrl}}/api/v0.6/credential-types",
					"host": [
						"{{baseUrl}}"
					],
					"path": [
						"api",
						"v0.6",
						"credential-types"
					]
				}
			},
			"response": []
		},
		{
			"name": "Get Credential Types by Id",
			"protocolProfileBehavior": {
				"disableBodyPruning": true
			},
			"request": {
				"method": "GET",
				"header": [],
				"body": {
					"mode": "raw",
					"raw": "{\n  \"credentialType\": \"\",\n  \"schemaName\": \"\",\n  \"schema\": \"\"\n}",
					"options": {
						"raw": {
							"language": "json"
						}
					}
				},
				"url": {
					"raw": "{{baseUrl}}/api/v0.6/credential-types/:id",
					"host": [
						"{{baseUrl}}"
					],
					"path": [
						"api",
						"v0.6",
						"credential-types",
						":id"
					],
					"variable": [
						{
							"key": "id",
							"value": ""
						}
					]
				}
			},
			"response": []
		},
		{
			"name": "Get All Credential Types",
			"protocolProfileBehavior": {
				"disableBodyPruning": true
			},
			"request": {
				"method": "GET",
				"header": [],
				"body": {
					"mode": "raw",
					"raw": "{\n  \"credentialType\": \"\",\n  \"schemaName\": \"\",\n  \"schema\": \"\"\n}",
					"options": {
						"raw": {
							"language": "json"
						}
					}
				},
				"url": {
					"raw": "{{baseUrl}}/api/v0.6/credential-types",
					"host": [
						"{{baseUrl}}"
					],
					"path": [
						"api",
						"v0.6",
						"credential-types"
					]
				}
			},
			"response": []
		},
		{
			"name": "Get Credential Types by Credential Type",
			"protocolProfileBehavior": {
				"disableBodyPruning": true
			},
			"request": {
				"method": "GET",
				"header": [],
				"body": {
					"mode": "raw",
					"raw": "{\n  \"credentialType\": \"\",\n  \"schemaName\": \"\",\n  \"schema\": \"\"\n}",
					"options": {
						"raw": {
							"language": "json"
						}
					}
				},
				"url": {
					"raw": "{{baseUrl}}/api/v0.6/credential-types?credentialType=:credentialType",
					"host": [
						"{{baseUrl}}"
					],
					"path": [
						"api",
						"v0.6",
						"credential-types"
					],
					"query": [
						{
							"key": "credentialType",
							"value": ":credentialType"
						}
					]
				}
			},
			"response": []
		},
		{
			"name": "Create Credential Type Copy",
			"request": {
				"method": "PUT",
				"header": [],
				"body": {
					"mode": "raw",
					"raw": "{\n  \"credentialType\": \"\",\n  \"schemaName\": \"\",\n  \"schema\": \"\"\n}",
					"options": {
						"raw": {
							"language": "json"
						}
					}
				},
				"url": {
					"raw": "{{baseUrl}}/api/v0.6/credential-types/:id",
					"host": [
						"{{baseUrl}}"
					],
					"path": [
						"api",
						"v0.6",
						"credential-types",
						":id"
					],
					"variable": [
						{
							"key": "id",
							"value": ""
						}
					]
				}
			},
			"response": []
		},
		{
			"name": "Delete Credential Type",
			"request": {
				"method": "DELETE",
				"header": [],
				"body": {
					"mode": "raw",
					"raw": "{\n  \"credentialType\": \"\",\n  \"schemaName\": \"\",\n  \"schema\": \"\"\n}",
					"options": {
						"raw": {
							"language": "json"
						}
					}
				},
				"url": {
					"raw": "{{baseUrl}}/api/v0.6/credential-types/:id",
					"host": [
						"{{baseUrl}}"
					],
					"path": [
						"api",
						"v0.6",
						"credential-types",
						":id"
					],
					"variable": [
						{
							"key": "id",
							"value": ""
						}
					]
				}
			},
			"response": []
		},
		{
			"name": "Validate Credential Subject",
			"request": {
				"method": "POST",
				"header": [],
				"body": {
					"mode": "raw",
					"raw": "{\n  \"title\": {\n    \"localized\": {\n      \"en\": \"Azure Basics\"\n    }\n  },\n  \"description\": {\n    \"localized\": {\n      \"en\": \"Introduction to Microsoft Azure Cloud Services\"\n    }\n  },\n  \"contentProvider\": \"did:ethr:microsoftcorp\",\n  \"contentProviderName\": {\n    \"localized\": {\n      \"en\": \"Microsoft Corporation\"\n    }\n  },\n  \"type\": \"Specialty Training\",\n  \"duration\": \"24h\",\n  \"score\": 90,\n  \"scoreRange\": \"1-100\",\n  \"registrationDate\": {\n    \"day\": 15,\n    \"month\": 3,\n    \"year\": 2019\n  },\n  \"startDate\": {\n    \"day\": 1,\n    \"month\": 4,\n    \"year\": 2019\n  },\n  \"completionDate\": {\n    \"day\": 1,\n    \"month\": 5,\n    \"year\": 2019\n  }\n}",
					"options": {
						"raw": {
							"language": "json"
						}
					}
				},
				"url": {
					"raw": "{{baseUrl}}/api/v0.6/schemas/:schemaName/validate",
					"host": [
						"{{baseUrl}}"
					],
					"path": [
						"api",
						"v0.6",
						"schemas",
						":schemaName",
						"validate"
					],
					"variable": [
						{
							"key": "schemaName",
							"value": "course"
						}
					]
				}
			},
			"response": []
		},
		{
			"name": "Get Schema",
			"request": {
				"method": "GET",
				"header": [],
				"url": {
					"raw": "{{baseUrl}}/api/v0.6/schemas/:schemaName",
					"host": [
						"{{baseUrl}}"
					],
					"path": [
						"api",
						"v0.6",
						"schemas",
						":schemaName"
					],
					"variable": [
						{
							"key": "schemaName",
							"value": ""
						}
					]
				}
			},
			"response": []
		}
	],
	"auth": {
		"type": "bearer",
		"bearer": [
			{
				"key": "token",
				"value": "{{authToken}}",
				"type": "string"
			}
		]
	},
	"event": [
		{
			"listen": "prerequest",
			"script": {
				"type": "text/javascript",
				"exec": [
					""
				]
			}
		},
		{
			"listen": "test",
			"script": {
				"type": "text/javascript",
				"exec": [
					""
				]
			}
		}
	],
	"variable": [
		{
			"key": "baseUrl",
			"value": ""
		}
	]
}